uid,name_desc,seed,space,source_devices,sampling_metric,task_index,metric_device,sample_sizes,transfer_sample_size,representation,gnn_type,num_trials,sampling_method,opfpgcn,fgcn,rbgcn,efm,fcd,lr,weight_decay,epochs,transfer_epochs,cpu_gpu_device,hwemb_to_mlp,transfer_hwemb,spr,kdt,spr_std,kdt_std
745156039,study_6_6_1,42,fbnet,essential_ph_1|pixel2|pixel3|raspi4|samsung_s7,arch2vec,3,eyeriss,256,5,adj_gin,ensemble,3,kmeans,128_128,128_128_128,128_128_128,add,128_128,0.001,1e-05,150,40,cuda:0,False,True,nan,nan,nan,nan
745156039,study_6_6_1,42,fbnet,essential_ph_1|pixel2|pixel3|raspi4|samsung_s7,arch2vec,3,eyeriss,256,10,adj_gin,ensemble,3,kmeans,128_128,128_128_128,128_128_128,add,128_128,0.001,1e-05,150,40,cuda:0,False,True,nan,nan,nan,nan
745156039,study_6_6_1,42,fbnet,essential_ph_1|pixel2|pixel3|raspi4|samsung_s7,arch2vec,3,eyeriss,256,15,adj_gin,ensemble,3,kmeans,128_128,128_128_128,128_128_128,add,128_128,0.001,1e-05,150,40,cuda:0,False,True,nan,nan,nan,nan
745156039,study_6_6_1,42,fbnet,essential_ph_1|pixel2|pixel3|raspi4|samsung_s7,arch2vec,3,eyeriss,256,20,adj_gin,ensemble,3,kmeans,128_128,128_128_128,128_128_128,add,128_128,0.001,1e-05,150,40,cuda:0,False,True,nan,nan,nan,nan
745156039,study_6_6_1,42,fbnet,essential_ph_1|pixel2|pixel3|raspi4|samsung_s7,arch2vec,3,eyeriss,256,30,adj_gin,ensemble,3,kmeans,128_128,128_128_128,128_128_128,add,128_128,0.001,1e-05,150,40,cuda:0,False,True,nan,nan,nan,nan
272354893,study_6_6_1,42,fbnet,essential_ph_1|pixel2|pixel3|raspi4|samsung_s7,arch2vec,3,eyeriss,256,5,adj_gin,ensemble,3,cosine,128_128,128_128_128,128_128_128,add,128_128,0.001,1e-05,150,40,cuda:0,False,True,0.7066006874504058,0.522945374015748,0.04771227732705229,0.044768830507282975
272354893,study_6_6_1,42,fbnet,essential_ph_1|pixel2|pixel3|raspi4|samsung_s7,arch2vec,3,eyeriss,256,10,adj_gin,ensemble,3,cosine,128_128,128_128_128,128_128_128,add,128_128,0.001,1e-05,150,40,cuda:0,False,True,0.8095111930049441,0.6243520341207349,0.052640713160498134,0.06192645194593173
272354893,study_6_6_1,42,fbnet,essential_ph_1|pixel2|pixel3|raspi4|samsung_s7,arch2vec,3,eyeriss,256,15,adj_gin,ensemble,3,cosine,128_128,128_128_128,128_128_128,add,128_128,0.001,1e-05,150,40,cuda:0,False,True,0.8110495635719953,0.6343791010498688,0.05193371574404132,0.04989674517250399
272354893,study_6_6_1,42,fbnet,essential_ph_1|pixel2|pixel3|raspi4|samsung_s7,arch2vec,3,eyeriss,256,20,adj_gin,ensemble,3,cosine,128_128,128_128_128,128_128_128,add,128_128,0.001,1e-05,150,40,cuda:0,False,True,0.8382582173594579,0.6657029199475066,0.034632934184786336,0.035535771318914194
272354893,study_6_6_1,42,fbnet,essential_ph_1|pixel2|pixel3|raspi4|samsung_s7,arch2vec,3,eyeriss,256,30,adj_gin,ensemble,3,cosine,128_128,128_128_128,128_128_128,add,128_128,0.001,1e-05,150,40,cuda:0,False,True,0.8544605116584265,0.6762344160104988,0.01520394450844231,0.017583032015130243
802425085,study_6_6_1,42,fbnet,essential_ph_1|pixel2|pixel3|raspi4|samsung_s7,arch2vec,3,silver_4114,256,5,adj_gin_arch2vec,ensemble,3,cosine,128_128,128_128_128,128_128_128,add,128_128,0.001,1e-05,150,40,cuda:0,False,True,0.7623747749191235,0.5945168963254593,0.02906942196793675,0.029352114745389336
802425085,study_6_6_1,42,fbnet,essential_ph_1|pixel2|pixel3|raspi4|samsung_s7,arch2vec,3,silver_4114,256,10,adj_gin_arch2vec,ensemble,3,cosine,128_128,128_128_128,128_128_128,add,128_128,0.001,1e-05,150,40,cuda:0,False,True,0.8161853178599768,0.644102690288714,0.0567921724957726,0.052561754297396276
802425085,study_6_6_1,42,fbnet,essential_ph_1|pixel2|pixel3|raspi4|samsung_s7,arch2vec,3,silver_4114,256,15,adj_gin_arch2vec,ensemble,3,cosine,128_128,128_128_128,128_128_128,add,128_128,0.001,1e-05,150,40,cuda:0,False,True,0.8534090215467252,0.6811310695538058,0.028657056548248166,0.02909387178536644
802425085,study_6_6_1,42,fbnet,essential_ph_1|pixel2|pixel3|raspi4|samsung_s7,arch2vec,3,silver_4114,256,20,adj_gin_arch2vec,ensemble,3,cosine,128_128,128_128_128,128_128_128,add,128_128,0.001,1e-05,150,40,cuda:0,False,True,0.8819731200024415,0.7144110892388452,0.013942198102620748,0.015824967144783215
802425085,study_6_6_1,42,fbnet,essential_ph_1|pixel2|pixel3|raspi4|samsung_s7,arch2vec,3,silver_4114,256,30,adj_gin_arch2vec,ensemble,3,cosine,128_128,128_128_128,128_128_128,add,128_128,0.001,1e-05,150,40,cuda:0,False,True,0.893307944973448,0.7273458005249345,0.017496944293092558,0.022193822653380695
788340979,study_6_6_1,42,fbnet,2080ti_1|essential_ph_1|silver_4114|titan_rtx_1|titan_rtx_32,random,1,pixel2,256,5,adj_gin,ensemble,3,cosine,128_128,128_128_128,128_128_128,add,128_128,0.001,1e-05,150,40,cuda:0,False,True,0.5252032519736213,0.37844264278821765,0.1559327895864285,0.12496662308150767
788340979,study_6_6_1,42,fbnet,2080ti_1|essential_ph_1|silver_4114|titan_rtx_1|titan_rtx_32,random,1,pixel2,256,10,adj_gin,ensemble,3,cosine,128_128,128_128_128,128_128_128,add,128_128,0.001,1e-05,150,40,cuda:0,False,True,0.6096885351357746,0.4440428631700887,0.07646574718704965,0.06593085727034567
788340979,study_6_6_1,42,fbnet,2080ti_1|essential_ph_1|silver_4114|titan_rtx_1|titan_rtx_32,random,1,pixel2,256,15,adj_gin,ensemble,3,cosine,128_128,128_128_128,128_128_128,add,128_128,0.001,1e-05,150,40,cuda:0,False,True,0.7029752387399573,0.5274417081468823,0.05963463217097209,0.05661711460867571
788340979,study_6_6_1,42,fbnet,2080ti_1|essential_ph_1|silver_4114|titan_rtx_1|titan_rtx_32,random,1,pixel2,256,20,adj_gin,ensemble,3,cosine,128_128,128_128_128,128_128_128,add,128_128,0.001,1e-05,150,40,cuda:0,False,True,0.7205659162450349,0.5461738288062836,0.04591575533719903,0.04620867505166899
788340979,study_6_6_1,42,fbnet,2080ti_1|essential_ph_1|silver_4114|titan_rtx_1|titan_rtx_32,random,1,pixel2,256,30,adj_gin,ensemble,3,cosine,128_128,128_128_128,128_128_128,add,128_128,0.001,1e-05,150,40,cuda:0,False,True,0.7256656584597857,0.5501581803419598,0.034885112937097694,0.030839759183129856
924252660,study_6_6_1,42,fbnet,2080ti_1|essential_ph_1|silver_4114|titan_rtx_1|titan_rtx_32,random,1,pixel3,256,5,adj_gin,ensemble,3,cosine,128_128,128_128_128,128_128_128,add,128_128,0.001,1e-05,150,40,cuda:0,True,True,0.5585135128048292,0.409675646801713,0.16595517452002886,0.1344898570627212
924252660,study_6_6_1,42,fbnet,2080ti_1|essential_ph_1|silver_4114|titan_rtx_1|titan_rtx_32,random,1,pixel3,256,10,adj_gin,ensemble,3,cosine,128_128,128_128_128,128_128_128,add,128_128,0.001,1e-05,150,40,cuda:0,True,True,0.573052600956758,0.4134126288069197,0.11404227751809692,0.09250192995405349
924252660,study_6_6_1,42,fbnet,2080ti_1|essential_ph_1|silver_4114|titan_rtx_1|titan_rtx_32,random,1,pixel3,256,15,adj_gin,ensemble,3,cosine,128_128,128_128_128,128_128_128,add,128_128,0.001,1e-05,150,40,cuda:0,True,True,0.6885149395103176,0.5124785654026309,0.04993807029562704,0.04819940539921501
924252660,study_6_6_1,42,fbnet,2080ti_1|essential_ph_1|silver_4114|titan_rtx_1|titan_rtx_32,random,1,pixel3,256,20,adj_gin,ensemble,3,cosine,128_128,128_128_128,128_128_128,add,128_128,0.001,1e-05,150,40,cuda:0,True,True,0.7004733967282257,0.5276928146995693,0.03216262950158853,0.028032311540307303
924252660,study_6_6_1,42,fbnet,2080ti_1|essential_ph_1|silver_4114|titan_rtx_1|titan_rtx_32,random,1,pixel3,256,30,adj_gin,ensemble,3,cosine,128_128,128_128_128,128_128_128,add,128_128,0.001,1e-05,150,40,cuda:0,True,True,0.7246054731592585,0.5488841653526663,0.03684544935616963,0.03269959337303177
370838810,study_6_6_1,42,fbnet,2080ti_1|essential_ph_1|silver_4114|titan_rtx_1|titan_rtx_32,random,1,silver_4210r,256,5,adj_gin,ensemble,3,cosine,128_128,128_128_128,128_128_128,add,128_128,0.001,1e-05,150,40,cuda:0,True,False,0.531276973294578,0.38628838729478954,0.13407635595000483,0.10539438355444386
370838810,study_6_6_1,42,fbnet,2080ti_1|essential_ph_1|silver_4114|titan_rtx_1|titan_rtx_32,random,1,silver_4210r,256,10,adj_gin,ensemble,3,cosine,128_128,128_128_128,128_128_128,add,128_128,0.001,1e-05,150,40,cuda:0,True,False,0.603001118555029,0.4378606853157786,0.10389903402667833,0.087903716578114
370838810,study_6_6_1,42,fbnet,2080ti_1|essential_ph_1|silver_4114|titan_rtx_1|titan_rtx_32,random,1,silver_4210r,256,15,adj_gin,ensemble,3,cosine,128_128,128_128_128,128_128_128,add,128_128,0.001,1e-05,150,40,cuda:0,True,False,0.6469576651470771,0.4822801428070024,0.12974615682349785,0.11437253469418748
370838810,study_6_6_1,42,fbnet,2080ti_1|essential_ph_1|silver_4114|titan_rtx_1|titan_rtx_32,random,1,silver_4210r,256,20,adj_gin,ensemble,3,cosine,128_128,128_128_128,128_128_128,add,128_128,0.001,1e-05,150,40,cuda:0,True,False,0.7285223902091355,0.5516633943840348,0.017096217800245568,0.017618614707604084
370838810,study_6_6_1,42,fbnet,2080ti_1|essential_ph_1|silver_4114|titan_rtx_1|titan_rtx_32,random,1,silver_4210r,256,30,adj_gin,ensemble,3,cosine,128_128,128_128_128,128_128_128,add,128_128,0.001,1e-05,150,40,cuda:0,True,False,0.7248750456245646,0.5468142336001517,0.035897543862470474,0.030936750684798064
428118701,study_6_6_1,42,fbnet,essential_ph_1|gold_6226|gold_6240|pixel3|raspi4,random,2,titanxp_32,256,5,adj_gin,ensemble,3,cosine,128_128,128_128_128,128_128_128,add,128_128,0.001,1e-05,150,40,cuda:0,True,False,0.7465767678386132,0.5672654199475067,0.08174706626835171,0.0805305931768588
428118701,study_6_6_1,42,fbnet,essential_ph_1|gold_6226|gold_6240|pixel3|raspi4,random,2,titanxp_32,256,10,adj_gin,ensemble,3,cosine,128_128,128_128_128,128_128_128,add,128_128,0.001,1e-05,150,40,cuda:0,True,False,0.8000720821754734,0.6198459218380491,0.04998835635929156,0.05014717410405314
428118701,study_6_6_1,42,fbnet,essential_ph_1|gold_6226|gold_6240|pixel3|raspi4,random,2,titanxp_32,256,15,adj_gin,ensemble,3,cosine,128_128,128_128_128,128_128_128,add,128_128,0.001,1e-05,150,40,cuda:0,True,False,0.7905386872062503,0.6161745406824147,0.07025577341123687,0.06277728968478123
428118701,study_6_6_1,42,fbnet,essential_ph_1|gold_6226|gold_6240|pixel3|raspi4,random,2,titanxp_32,256,20,adj_gin,ensemble,3,cosine,128_128,128_128_128,128_128_128,add,128_128,0.001,1e-05,150,40,cuda:0,True,False,0.8502944172312763,0.6769233923884515,0.012160087089394192,0.01407688191478611
428118701,study_6_6_1,42,fbnet,essential_ph_1|gold_6226|gold_6240|pixel3|raspi4,random,2,titanxp_32,256,30,adj_gin,ensemble,3,cosine,128_128,128_128_128,128_128_128,add,128_128,0.001,1e-05,150,40,cuda:0,True,False,0.8558725126655681,0.6809219160104988,0.011086589613299662,0.014801410147368226
140409084,study_6_6_1,42,fbnet,essential_ph_1|gold_6226|gold_6240|pixel3|raspi4,random,2,titan_rtx_32,256,5,adj_gin,ensemble,3,cosine,128_128,128_128_128,128_128_128,add,128_128,0.001,1e-05,150,40,cuda:0,False,True,0.7631893578709638,0.5838828740157481,0.0672452923198535,0.06213885320391753
140409084,study_6_6_1,42,fbnet,essential_ph_1|gold_6226|gold_6240|pixel3|raspi4,random,2,titan_rtx_32,256,10,adj_gin,ensemble,3,cosine,128_128,128_128_128,128_128_128,add,128_128,0.001,1e-05,150,40,cuda:0,False,True,0.80057424235488,0.6206979986876641,0.04489816432709835,0.04965330793254638
140409084,study_6_6_1,42,fbnet,essential_ph_1|gold_6226|gold_6240|pixel3|raspi4,random,2,titan_rtx_32,256,15,adj_gin,ensemble,3,cosine,128_128,128_128_128,128_128_128,add,128_128,0.001,1e-05,150,40,cuda:0,False,True,0.8186815220045169,0.6423474409448819,0.03145455647881314,0.03504264238181864
140409084,study_6_6_1,42,fbnet,essential_ph_1|gold_6226|gold_6240|pixel3|raspi4,random,2,titan_rtx_32,256,20,adj_gin,ensemble,3,cosine,128_128,128_128_128,128_128_128,add,128_128,0.001,1e-05,150,40,cuda:0,False,True,0.8486882362815112,0.6758899278215224,0.015654990001906094,0.020858508706698604
140409084,study_6_6_1,42,fbnet,essential_ph_1|gold_6226|gold_6240|pixel3|raspi4,random,2,titan_rtx_32,256,30,adj_gin,ensemble,3,cosine,128_128,128_128_128,128_128_128,add,128_128,0.001,1e-05,150,40,cuda:0,False,True,0.8590630340902156,0.684727690288714,0.01424186859600847,0.01897316885453948
816757816,study_6_6_1,42,fbnet,essential_ph_1|gold_6226|gold_6240|pixel3|raspi4,random,2,titanx_32,256,5,adj_gin,ensemble,3,cosine,128_128,128_128_128,128_128_128,add,128_128,0.001,1e-05,150,40,cuda:0,True,True,0.7416515976927303,0.5607734580052495,0.050409610789692805,0.04735669427721757
816757816,study_6_6_1,42,fbnet,essential_ph_1|gold_6226|gold_6240|pixel3|raspi4,random,2,titanx_32,256,10,adj_gin,ensemble,3,cosine,128_128,128_128_128,128_128_128,add,128_128,0.001,1e-05,150,40,cuda:0,True,True,0.7699351080388207,0.5960958005249345,0.07150201457490146,0.06571531616121558
816757816,study_6_6_1,42,fbnet,essential_ph_1|gold_6226|gold_6240|pixel3|raspi4,random,2,titanx_32,256,15,adj_gin,ensemble,3,cosine,128_128,128_128_128,128_128_128,add,128_128,0.001,1e-05,150,40,cuda:0,True,True,0.8018245856985899,0.6300114829396326,0.05950665249222893,0.056293737034690504
816757816,study_6_6_1,42,fbnet,essential_ph_1|gold_6226|gold_6240|pixel3|raspi4,random,2,titanx_32,256,20,adj_gin,ensemble,3,cosine,128_128,128_128_128,128_128_128,add,128_128,0.001,1e-05,150,40,cuda:0,True,True,0.8524578640969297,0.6808111876640421,0.013948547785871254,0.015944336362698503
816757816,study_6_6_1,42,fbnet,essential_ph_1|gold_6226|gold_6240|pixel3|raspi4,random,2,titanx_32,256,30,adj_gin,ensemble,3,cosine,128_128,128_128_128,128_128_128,add,128_128,0.001,1e-05,150,40,cuda:0,True,True,0.8486365439785143,0.6772514763779529,0.024703331468958492,0.0286815807855506
17439966,study_6_6_1,42,fbnet,2080ti_1|essential_ph_1|silver_4114|titan_rtx_1|titan_rtx_32,arch2vec,1,gold_6240,256,5,adj_gin_arch2vec,ensemble,3,cosine,128_128,128_128_128,128_128_128,add,128_128,0.001,1e-05,150,40,cuda:0,False,True,0.7233321844722653,0.5541996848747419,0.042688110992125786,0.040276057671813886
17439966,study_6_6_1,42,fbnet,2080ti_1|essential_ph_1|silver_4114|titan_rtx_1|titan_rtx_32,arch2vec,1,gold_6240,256,10,adj_gin_arch2vec,ensemble,3,cosine,128_128,128_128_128,128_128_128,add,128_128,0.001,1e-05,150,40,cuda:0,False,True,0.7267618113074003,0.5526961627561257,0.048434185811899746,0.05488398192909164
17439966,study_6_6_1,42,fbnet,2080ti_1|essential_ph_1|silver_4114|titan_rtx_1|titan_rtx_32,arch2vec,1,gold_6240,256,15,adj_gin_arch2vec,ensemble,3,cosine,128_128,128_128_128,128_128_128,add,128_128,0.001,1e-05,150,40,cuda:0,False,True,0.7539348238376478,0.580421660278682,0.02668959509645471,0.029860602994077456
17439966,study_6_6_1,42,fbnet,2080ti_1|essential_ph_1|silver_4114|titan_rtx_1|titan_rtx_32,arch2vec,1,gold_6240,256,20,adj_gin_arch2vec,ensemble,3,cosine,128_128,128_128_128,128_128_128,add,128_128,0.001,1e-05,150,40,cuda:0,False,True,0.784548164358252,0.6161276447993277,0.01855522498874179,0.023322426165940775
17439966,study_6_6_1,42,fbnet,2080ti_1|essential_ph_1|silver_4114|titan_rtx_1|titan_rtx_32,arch2vec,1,gold_6240,256,30,adj_gin_arch2vec,ensemble,3,cosine,128_128,128_128_128,128_128_128,add,128_128,0.001,1e-05,150,40,cuda:0,False,True,0.7770071095302861,0.6120987428779596,0.02646584133377034,0.030066664681474304
306635834,study_6_6_1,42,fbnet,essential_ph_1|gold_6226|gold_6240|pixel3|raspi4,arch2vec,2,eyeriss,256,5,adj_gin,ensemble,3,kmeans,128_128,128_128_128,128_128_128,add,128_128,0.001,1e-05,150,40,cuda:0,False,True,0.7183110922907893,0.5497539370078741,0.08376787036093673,0.0783853020189343
306635834,study_6_6_1,42,fbnet,essential_ph_1|gold_6226|gold_6240|pixel3|raspi4,arch2vec,2,eyeriss,256,10,adj_gin,ensemble,3,kmeans,128_128,128_128_128,128_128_128,add,128_128,0.001,1e-05,150,40,cuda:0,False,True,0.8023233878105354,0.6208292322834646,0.05242090347876732,0.0570330719186007
306635834,study_6_6_1,42,fbnet,essential_ph_1|gold_6226|gold_6240|pixel3|raspi4,arch2vec,2,eyeriss,256,15,adj_gin,ensemble,3,kmeans,128_128,128_128_128,128_128_128,add,128_128,0.001,1e-05,150,40,cuda:0,False,True,0.8374138779527559,0.6612532808398952,0.022347827136644922,0.027526390177351423
306635834,study_6_6_1,42,fbnet,essential_ph_1|gold_6226|gold_6240|pixel3|raspi4,arch2vec,2,eyeriss,256,20,adj_gin,ensemble,3,kmeans,128_128,128_128_128,128_128_128,add,128_128,0.001,1e-05,150,40,cuda:0,False,True,0.8367178439540988,0.6596005577427821,0.01764693086333089,0.018332320591889207
306635834,study_6_6_1,42,fbnet,essential_ph_1|gold_6226|gold_6240|pixel3|raspi4,arch2vec,2,eyeriss,256,30,adj_gin,ensemble,3,kmeans,128_128,128_128_128,128_128_128,add,128_128,0.001,1e-05,150,40,cuda:0,False,True,0.8362965802966489,0.6622580380577429,0.036763993086924615,0.039065956286524636
383426624,study_6_6_1,42,fbnet,2080ti_1|essential_ph_1|silver_4114|titan_rtx_1|titan_rtx_32,zcp,1,titanx_1,256,5,adj_gin_zcp,ensemble,3,cosine,128_128,128_128_128,128_128_128,add,128_128,0.001,1e-05,150,40,cuda:0,False,True,0.7223817434272617,0.5713393022854079,0.09139351818343998,0.09808300912962922
383426624,study_6_6_1,42,fbnet,2080ti_1|essential_ph_1|silver_4114|titan_rtx_1|titan_rtx_32,zcp,1,titanx_1,256,10,adj_gin_zcp,ensemble,3,cosine,128_128,128_128_128,128_128_128,add,128_128,0.001,1e-05,150,40,cuda:0,False,True,0.8071661800345818,0.6662160203526739,0.05070437064714985,0.0585287335020261
383426624,study_6_6_1,42,fbnet,2080ti_1|essential_ph_1|silver_4114|titan_rtx_1|titan_rtx_32,zcp,1,titanx_1,256,15,adj_gin_zcp,ensemble,3,cosine,128_128,128_128_128,128_128_128,add,128_128,0.001,1e-05,150,40,cuda:0,False,True,0.817114104334524,0.6805774326618659,0.0485426680396364,0.05379968043490331
383426624,study_6_6_1,42,fbnet,2080ti_1|essential_ph_1|silver_4114|titan_rtx_1|titan_rtx_32,zcp,1,titanx_1,256,20,adj_gin_zcp,ensemble,3,cosine,128_128,128_128_128,128_128_128,add,128_128,0.001,1e-05,150,40,cuda:0,False,True,0.8520184009466429,0.7218475545942633,0.02157354273971326,0.03011207864490829
383426624,study_6_6_1,42,fbnet,2080ti_1|essential_ph_1|silver_4114|titan_rtx_1|titan_rtx_32,zcp,1,titanx_1,256,30,adj_gin_zcp,ensemble,3,cosine,128_128,128_128_128,128_128_128,add,128_128,0.001,1e-05,150,40,cuda:0,False,True,0.8589850283475311,0.7372500596490142,0.01592394608971076,0.02113806017313382
397864507,study_6_6_1,42,fbnet,essential_ph_1|pixel2|pixel3|raspi4|samsung_s7,random,3,titanxp_32,256,5,adj_gin,ensemble,3,cosine,128_128,128_128_128,128_128_128,add,128_128,0.001,1e-05,150,40,cuda:0,True,True,0.6759155832265152,0.5189550524934383,0.1651607546715961,0.13274083812665785
397864507,study_6_6_1,42,fbnet,essential_ph_1|pixel2|pixel3|raspi4|samsung_s7,random,3,titanxp_32,256,10,adj_gin,ensemble,3,cosine,128_128,128_128_128,128_128_128,add,128_128,0.001,1e-05,150,40,cuda:0,True,True,0.8235336362387841,0.6393126640419948,0.025362083500303195,0.032543689098672474
397864507,study_6_6_1,42,fbnet,essential_ph_1|pixel2|pixel3|raspi4|samsung_s7,random,3,titanxp_32,256,15,adj_gin,ensemble,3,cosine,128_128,128_128_128,128_128_128,add,128_128,0.001,1e-05,150,40,cuda:0,True,True,0.7988769799487273,0.6242413057742783,0.05593929229311143,0.05595413282650864
397864507,study_6_6_1,42,fbnet,essential_ph_1|pixel2|pixel3|raspi4|samsung_s7,random,3,titanxp_32,256,20,adj_gin,ensemble,3,cosine,128_128,128_128_128,128_128_128,add,128_128,0.001,1e-05,150,40,cuda:0,True,True,0.8424928851553439,0.6693651574803151,0.016115105204613643,0.02015632883259359
397864507,study_6_6_1,42,fbnet,essential_ph_1|pixel2|pixel3|raspi4|samsung_s7,random,3,titanxp_32,256,30,adj_gin,ensemble,3,cosine,128_128,128_128_128,128_128_128,add,128_128,0.001,1e-05,150,40,cuda:0,True,True,0.8594125770615882,0.6854289698162732,0.013620290836850468,0.015191026804740885
846666926,study_6_6_1,42,fbnet,essential_ph_1|gold_6226|gold_6240|pixel3|raspi4,arch2vec,2,titanx_1,256,5,adj_gin,ensemble,3,cosine,128_128,128_128_128,128_128_128,add,128_128,0.001,1e-05,150,40,cuda:0,False,True,0.7129242202282854,0.5434916338582678,0.09890931252679488,0.08928491991410903
846666926,study_6_6_1,42,fbnet,essential_ph_1|gold_6226|gold_6240|pixel3|raspi4,arch2vec,2,titanx_1,256,10,adj_gin,ensemble,3,cosine,128_128,128_128_128,128_128_128,add,128_128,0.001,1e-05,150,40,cuda:0,False,True,0.8126678569248611,0.6327550853018373,0.042472417174940144,0.0454645705107989
846666926,study_6_6_1,42,fbnet,essential_ph_1|gold_6226|gold_6240|pixel3|raspi4,arch2vec,2,titanx_1,256,15,adj_gin,ensemble,3,cosine,128_128,128_128_128,128_128_128,add,128_128,0.001,1e-05,150,40,cuda:0,False,True,0.8020348837209301,0.6267429461942258,0.053706229324453084,0.04841726319408078
846666926,study_6_6_1,42,fbnet,essential_ph_1|gold_6226|gold_6240|pixel3|raspi4,arch2vec,2,titanx_1,256,20,adj_gin,ensemble,3,cosine,128_128,128_128_128,128_128_128,add,128_128,0.001,1e-05,150,40,cuda:0,False,True,0.8452089246475005,0.6696358267716536,0.027699587628269646,0.03001496934966501
846666926,study_6_6_1,42,fbnet,essential_ph_1|gold_6226|gold_6240|pixel3|raspi4,arch2vec,2,titanx_1,256,30,adj_gin,ensemble,3,cosine,128_128,128_128_128,128_128_128,add,128_128,0.001,1e-05,150,40,cuda:0,False,True,0.8517137619788805,0.6798023293963255,0.015183680947105566,0.020110442170422235
72541521,study_6_6_1,42,fbnet,essential_ph_1|gold_6226|gold_6240|pixel3|raspi4,arch2vec,2,titanx_1,256,5,adj_gin_arch2vec,ensemble,3,cosine,128_128,128_128_128,128_128_128,add,128_128,0.001,1e-05,150,40,cuda:0,False,True,0.785189296832082,0.6200541338582678,0.03463785822995091,0.032890049661351374
72541521,study_6_6_1,42,fbnet,essential_ph_1|gold_6226|gold_6240|pixel3|raspi4,arch2vec,2,titanx_1,256,10,adj_gin_arch2vec,ensemble,3,cosine,128_128,128_128_128,128_128_128,add,128_128,0.001,1e-05,150,40,cuda:0,False,True,0.843793680949765,0.6728469488188977,0.031217259694409583,0.03506681568774285
72541521,study_6_6_1,42,fbnet,essential_ph_1|gold_6226|gold_6240|pixel3|raspi4,arch2vec,2,titanx_1,256,15,adj_gin_arch2vec,ensemble,3,cosine,128_128,128_128_128,128_128_128,add,128_128,0.001,1e-05,150,40,cuda:0,False,True,0.8413858878105354,0.6786991469816274,0.04183183354107911,0.038232759517480536
72541521,study_6_6_1,42,fbnet,essential_ph_1|gold_6226|gold_6240|pixel3|raspi4,arch2vec,2,titanx_1,256,20,adj_gin_arch2vec,ensemble,3,cosine,128_128,128_128_128,128_128_128,add,128_128,0.001,1e-05,150,40,cuda:0,False,True,0.8840839208325703,0.7219570209973755,0.01115938630607409,0.012639173070218095
72541521,study_6_6_1,42,fbnet,essential_ph_1|gold_6226|gold_6240|pixel3|raspi4,arch2vec,2,titanx_1,256,30,adj_gin_arch2vec,ensemble,3,cosine,128_128,128_128_128,128_128_128,add,128_128,0.001,1e-05,150,40,cuda:0,False,True,0.8912542727217238,0.731725721784777,0.017632734785448807,0.022016444179335855
427385805,study_6_6_1,42,fbnet,2080ti_1|essential_ph_1|silver_4114|titan_rtx_1|titan_rtx_32,arch2vec,1,titanx_32,256,5,adj_gin,ensemble,3,kmeans,128_128,128_128_128,128_128_128,add,128_128,0.001,1e-05,150,40,cuda:0,False,True,0.554790221515487,0.40331225845692453,0.15361073375059367,0.12174397100325836
427385805,study_6_6_1,42,fbnet,2080ti_1|essential_ph_1|silver_4114|titan_rtx_1|titan_rtx_32,arch2vec,1,titanx_32,256,10,adj_gin,ensemble,3,kmeans,128_128,128_128_128,128_128_128,add,128_128,0.001,1e-05,150,40,cuda:0,False,True,0.6389086308918291,0.46802340100107853,0.06945864203194486,0.06826447581895725
427385805,study_6_6_1,42,fbnet,2080ti_1|essential_ph_1|silver_4114|titan_rtx_1|titan_rtx_32,arch2vec,1,titanx_32,256,15,adj_gin,ensemble,3,kmeans,128_128,128_128_128,128_128_128,add,128_128,0.001,1e-05,150,40,cuda:0,False,True,0.7061027116391027,0.5300738927493694,0.04926050295209301,0.04892284767093098
427385805,study_6_6_1,42,fbnet,2080ti_1|essential_ph_1|silver_4114|titan_rtx_1|titan_rtx_32,arch2vec,1,titanx_32,256,20,adj_gin,ensemble,3,kmeans,128_128,128_128_128,128_128_128,add,128_128,0.001,1e-05,150,40,cuda:0,False,True,0.7081705988929514,0.5329395993581363,0.03554312615934517,0.03093670608903528
427385805,study_6_6_1,42,fbnet,2080ti_1|essential_ph_1|silver_4114|titan_rtx_1|titan_rtx_32,arch2vec,1,titanx_32,256,30,adj_gin,ensemble,3,kmeans,128_128,128_128_128,128_128_128,add,128_128,0.001,1e-05,150,40,cuda:0,False,True,0.7056291352322999,0.5331522036909563,0.04908309152404086,0.04688915311618487
552955706,study_6_6_1,42,fbnet,essential_ph_1|pixel2|pixel3|raspi4|samsung_s7,random,3,titanx_32,256,5,adj_gin,ensemble,3,cosine,128_128,128_128_128,128_128_128,add,128_128,0.001,1e-05,150,40,cuda:0,True,False,0.6836926043764878,0.5266527230971129,0.13825816678504865,0.11216571097430758
552955706,study_6_6_1,42,fbnet,essential_ph_1|pixel2|pixel3|raspi4|samsung_s7,random,3,titanx_32,256,10,adj_gin,ensemble,3,cosine,128_128,128_128_128,128_128_128,add,128_128,0.001,1e-05,150,40,cuda:0,True,False,0.792370616645303,0.61216781496063,0.05750828014404998,0.05912386175939409
552955706,study_6_6_1,42,fbnet,essential_ph_1|pixel2|pixel3|raspi4|samsung_s7,random,3,titanx_32,256,15,adj_gin,ensemble,3,cosine,128_128,128_128_128,128_128_128,add,128_128,0.001,1e-05,150,40,cuda:0,True,False,0.8141799998474027,0.6385170603674541,0.058671421692764604,0.055116779585481356
552955706,study_6_6_1,42,fbnet,essential_ph_1|pixel2|pixel3|raspi4|samsung_s7,random,3,titanx_32,256,20,adj_gin,ensemble,3,cosine,128_128,128_128_128,128_128_128,add,128_128,0.001,1e-05,150,40,cuda:0,True,False,0.8487866614783617,0.672297408136483,0.015368137317719497,0.017933413687359387
552955706,study_6_6_1,42,fbnet,essential_ph_1|pixel2|pixel3|raspi4|samsung_s7,random,3,titanx_32,256,30,adj_gin,ensemble,3,cosine,128_128,128_128_128,128_128_128,add,128_128,0.001,1e-05,150,40,cuda:0,True,False,0.8623102072270037,0.6835916994750658,0.014247664051697842,0.017535119448652364
370228863,study_6_6_1,42,fbnet,essential_ph_1|pixel2|pixel3|raspi4|samsung_s7,zcp,3,samsung_a50,256,5,adj_gin_zcp,ensemble,3,cosine,128_128,128_128_128,128_128_128,add,128_128,0.001,1e-05,150,40,cuda:0,False,True,0.762049933620216,0.5851418963254593,0.041260363620894164,0.04377590340444606
370228863,study_6_6_1,42,fbnet,essential_ph_1|pixel2|pixel3|raspi4|samsung_s7,zcp,3,samsung_a50,256,10,adj_gin_zcp,ensemble,3,cosine,128_128,128_128_128,128_128_128,add,128_128,0.001,1e-05,150,40,cuda:0,False,True,0.8085929393273515,0.6307824803149608,0.05213680273065084,0.053516578465497
370228863,study_6_6_1,42,fbnet,essential_ph_1|pixel2|pixel3|raspi4|samsung_s7,zcp,3,samsung_a50,256,15,adj_gin_zcp,ensemble,3,cosine,128_128,128_128_128,128_128_128,add,128_128,0.001,1e-05,150,40,cuda:0,False,True,0.8628986601965452,0.6866223753280841,0.028585254947030354,0.034550474792993266
370228863,study_6_6_1,42,fbnet,essential_ph_1|pixel2|pixel3|raspi4|samsung_s7,zcp,3,samsung_a50,256,20,adj_gin_zcp,ensemble,3,cosine,128_128,128_128_128,128_128_128,add,128_128,0.001,1e-05,150,40,cuda:0,False,True,0.8951661020570103,0.7250041010498689,0.021121017811554756,0.03091928736932321
370228863,study_6_6_1,42,fbnet,essential_ph_1|pixel2|pixel3|raspi4|samsung_s7,zcp,3,samsung_a50,256,30,adj_gin_zcp,ensemble,3,cosine,128_128,128_128_128,128_128_128,add,128_128,0.001,1e-05,150,40,cuda:0,False,True,0.9057306926387108,0.7396735564304463,0.00864007117830227,0.013203783417061316
258906986,study_6_6_1,42,fbnet,essential_ph_1|gold_6226|gold_6240|pixel3|raspi4,zcp,2,silver_4210r,256,5,adj_gin_zcp,ensemble,3,cosine,128_128,128_128_128,128_128_128,add,128_128,0.001,1e-05,150,40,cuda:0,False,True,0.7803636009888298,0.6023334973753282,0.05361905283334021,0.05864661018835202
258906986,study_6_6_1,42,fbnet,essential_ph_1|gold_6226|gold_6240|pixel3|raspi4,zcp,2,silver_4210r,256,10,adj_gin_zcp,ensemble,3,cosine,128_128,128_128_128,128_128_128,add,128_128,0.001,1e-05,150,40,cuda:0,False,True,0.8209125885063784,0.6423966535433072,0.05069933259405636,0.053995926825401254
258906986,study_6_6_1,42,fbnet,essential_ph_1|gold_6226|gold_6240|pixel3|raspi4,zcp,2,silver_4210r,256,15,adj_gin_zcp,ensemble,3,cosine,128_128,128_128_128,128_128_128,add,128_128,0.001,1e-05,150,40,cuda:0,False,True,0.8451044909357259,0.6674950787401576,0.047359279415316334,0.05727195760649856
258906986,study_6_6_1,42,fbnet,essential_ph_1|gold_6226|gold_6240|pixel3|raspi4,zcp,2,silver_4210r,256,20,adj_gin_zcp,ensemble,3,cosine,128_128,128_128_128,128_128_128,add,128_128,0.001,1e-05,150,40,cuda:0,False,True,0.8863334897454678,0.7163549868766406,0.030014918421020616,0.03810856020716484
258906986,study_6_6_1,42,fbnet,essential_ph_1|gold_6226|gold_6240|pixel3|raspi4,zcp,2,silver_4210r,256,30,adj_gin_zcp,ensemble,3,cosine,128_128,128_128_128,128_128_128,add,128_128,0.001,1e-05,150,40,cuda:0,False,True,0.9061791376731978,0.7437664041994752,0.011056270513114254,0.015166483432913744
786989426,study_6_6_1,42,fbnet,2080ti_1|essential_ph_1|silver_4114|titan_rtx_1|titan_rtx_32,arch2vec,1,gold_6240,256,5,adj_gin,ensemble,3,cosine,128_128,128_128_128,128_128_128,add,128_128,0.001,1e-05,150,40,cuda:0,False,True,0.596106695969379,0.43348757895380385,0.0726473813095571,0.06053262651887491
786989426,study_6_6_1,42,fbnet,2080ti_1|essential_ph_1|silver_4114|titan_rtx_1|titan_rtx_32,arch2vec,1,gold_6240,256,10,adj_gin,ensemble,3,cosine,128_128,128_128_128,128_128_128,add,128_128,0.001,1e-05,150,40,cuda:0,False,True,0.5724151261152024,0.4215547593798057,0.1515023768759282,0.12042205053884927
786989426,study_6_6_1,42,fbnet,2080ti_1|essential_ph_1|silver_4114|titan_rtx_1|titan_rtx_32,arch2vec,1,gold_6240,256,15,adj_gin,ensemble,3,cosine,128_128,128_128_128,128_128_128,add,128_128,0.001,1e-05,150,40,cuda:0,False,True,0.6366236255093396,0.47183777422423095,0.10573646189212993,0.08754034742140726
786989426,study_6_6_1,42,fbnet,2080ti_1|essential_ph_1|silver_4114|titan_rtx_1|titan_rtx_32,arch2vec,1,gold_6240,256,20,adj_gin,ensemble,3,cosine,128_128,128_128_128,128_128_128,add,128_128,0.001,1e-05,150,40,cuda:0,False,True,0.6493606547732371,0.494123117433191,0.14203195600093704,0.11091047673468828
786989426,study_6_6_1,42,fbnet,2080ti_1|essential_ph_1|silver_4114|titan_rtx_1|titan_rtx_32,arch2vec,1,gold_6240,256,30,adj_gin,ensemble,3,cosine,128_128,128_128_128,128_128_128,add,128_128,0.001,1e-05,150,40,cuda:0,False,True,0.718200645788487,0.540807337860215,0.028615996526005726,0.02729879404006253
705560474,study_6_6_1,42,fbnet,essential_ph_1|pixel2|pixel3|raspi4|samsung_s7,cate,3,titanx_1,256,5,adj_gin_cate,ensemble,3,cosine,128_128,128_128_128,128_128_128,add,128_128,0.001,1e-05,150,40,cuda:0,False,True,0.6624825466947446,0.5099163385826773,0.05423410821062369,0.04680558378480537
705560474,study_6_6_1,42,fbnet,essential_ph_1|pixel2|pixel3|raspi4|samsung_s7,cate,3,titanx_1,256,10,adj_gin_cate,ensemble,3,cosine,128_128,128_128_128,128_128_128,add,128_128,0.001,1e-05,150,40,cuda:0,False,True,0.7823892335042422,0.6004552165354332,0.05906987374774135,0.06194992299798287
705560474,study_6_6_1,42,fbnet,essential_ph_1|pixel2|pixel3|raspi4|samsung_s7,cate,3,titanx_1,256,15,adj_gin_cate,ensemble,3,cosine,128_128,128_128_128,128_128_128,add,128_128,0.001,1e-05,150,40,cuda:0,False,True,0.8046374290423,0.6210547900262468,0.036176317854270265,0.04041689028921464
705560474,study_6_6_1,42,fbnet,essential_ph_1|pixel2|pixel3|raspi4|samsung_s7,cate,3,titanx_1,256,20,adj_gin_cate,ensemble,3,cosine,128_128,128_128_128,128_128_128,add,128_128,0.001,1e-05,150,40,cuda:0,False,True,0.8173783418787768,0.6324844160104989,0.03679055943082539,0.03697062273840759
705560474,study_6_6_1,42,fbnet,essential_ph_1|pixel2|pixel3|raspi4|samsung_s7,cate,3,titanx_1,256,30,adj_gin_cate,ensemble,3,cosine,128_128,128_128_128,128_128_128,add,128_128,0.001,1e-05,150,40,cuda:0,False,True,0.8294935108038819,0.6497293307086616,0.019406587496156386,0.022858665293799287
934007971,study_6_6_1,42,fbnet,1080ti_64|2080ti_1|eyeriss|gold_6226|gold_6240|raspi4|samsung_s7|silver_4210r|titan_rtx_1|titan_rtx_32,zcp,4,titanxp_1,256,5,adj_gin_zcp,ensemble,3,cosine,128_128,128_128_128,128_128_128,add,128_128,0.001,1e-05,150,40,cuda:0,False,True,0.7118985625443508,0.5438517431177944,0.04572647536494423,0.04600522340111318
934007971,study_6_6_1,42,fbnet,1080ti_64|2080ti_1|eyeriss|gold_6226|gold_6240|raspi4|samsung_s7|silver_4210r|titan_rtx_1|titan_rtx_32,zcp,4,titanxp_1,256,10,adj_gin_zcp,ensemble,3,cosine,128_128,128_128_128,128_128_128,add,128_128,0.001,1e-05,150,40,cuda:0,False,True,0.7963538925418973,0.6192924217843454,0.04494838863405131,0.04904976633936813
934007971,study_6_6_1,42,fbnet,1080ti_64|2080ti_1|eyeriss|gold_6226|gold_6240|raspi4|samsung_s7|silver_4210r|titan_rtx_1|titan_rtx_32,zcp,4,titanxp_1,256,15,adj_gin_zcp,ensemble,3,cosine,128_128,128_128_128,128_128_128,add,128_128,0.001,1e-05,150,40,cuda:0,False,True,0.7852138809946791,0.6125700055519806,0.04274353725282392,0.03907814879825095
934007971,study_6_6_1,42,fbnet,1080ti_64|2080ti_1|eyeriss|gold_6226|gold_6240|raspi4|samsung_s7|silver_4210r|titan_rtx_1|titan_rtx_32,zcp,4,titanxp_1,256,20,adj_gin_zcp,ensemble,3,cosine,128_128,128_128_128,128_128_128,add,128_128,0.001,1e-05,150,40,cuda:0,False,True,0.8307644969204007,0.663242784611474,0.048530503565189786,0.05126372305688376
934007971,study_6_6_1,42,fbnet,1080ti_64|2080ti_1|eyeriss|gold_6226|gold_6240|raspi4|samsung_s7|silver_4210r|titan_rtx_1|titan_rtx_32,zcp,4,titanxp_1,256,30,adj_gin_zcp,ensemble,3,cosine,128_128,128_128_128,128_128_128,add,128_128,0.001,1e-05,150,40,cuda:0,False,True,0.8407275488045287,0.6701854430297335,0.03567991166999355,0.04153141879250427
761818706,study_6_6_1,42,fbnet,1080ti_64|2080ti_1|eyeriss|gold_6226|gold_6240|raspi4|samsung_s7|silver_4210r|titan_rtx_1|titan_rtx_32,arch2vec,4,samsung_a50,256,5,adj_gin,ensemble,3,kmeans,128_128,128_128_128,128_128_128,add,128_128,0.001,1e-05,150,40,cuda:0,False,True,0.4828535818997514,0.3420008108143389,0.12624569827953588,0.10061939069821592
761818706,study_6_6_1,42,fbnet,1080ti_64|2080ti_1|eyeriss|gold_6226|gold_6240|raspi4|samsung_s7|silver_4210r|titan_rtx_1|titan_rtx_32,arch2vec,4,samsung_a50,256,10,adj_gin,ensemble,3,kmeans,128_128,128_128_128,128_128_128,add,128_128,0.001,1e-05,150,40,cuda:0,False,True,0.6162982875837915,0.45975943464331587,0.11609392607581055,0.10078264225070015
761818706,study_6_6_1,42,fbnet,1080ti_64|2080ti_1|eyeriss|gold_6226|gold_6240|raspi4|samsung_s7|silver_4210r|titan_rtx_1|titan_rtx_32,arch2vec,4,samsung_a50,256,15,adj_gin,ensemble,3,kmeans,128_128,128_128_128,128_128_128,add,128_128,0.001,1e-05,150,40,cuda:0,False,True,0.7305694319132284,0.5565763723813985,0.044545004104803804,0.04184496213752877
761818706,study_6_6_1,42,fbnet,1080ti_64|2080ti_1|eyeriss|gold_6226|gold_6240|raspi4|samsung_s7|silver_4210r|titan_rtx_1|titan_rtx_32,arch2vec,4,samsung_a50,256,20,adj_gin,ensemble,3,kmeans,128_128,128_128_128,128_128_128,add,128_128,0.001,1e-05,150,40,cuda:0,False,True,nan,nan,nan,nan
761818706,study_6_6_1,42,fbnet,1080ti_64|2080ti_1|eyeriss|gold_6226|gold_6240|raspi4|samsung_s7|silver_4210r|titan_rtx_1|titan_rtx_32,arch2vec,4,samsung_a50,256,30,adj_gin,ensemble,3,kmeans,128_128,128_128_128,128_128_128,add,128_128,0.001,1e-05,150,40,cuda:0,False,True,nan,nan,nan,nan
153815116,study_6_6_1,42,fbnet,1080ti_64|2080ti_1|eyeriss|gold_6226|gold_6240|raspi4|samsung_s7|silver_4210r|titan_rtx_1|titan_rtx_32,arch2vec,4,pixel3,256,5,adj_gin_arch2vec,ensemble,3,cosine,128_128,128_128_128,128_128_128,add,128_128,0.001,1e-05,150,40,cuda:0,False,True,0.5464473315068535,0.39457359216298676,0.13705484732718,0.1093809971723944
153815116,study_6_6_1,42,fbnet,1080ti_64|2080ti_1|eyeriss|gold_6226|gold_6240|raspi4|samsung_s7|silver_4210r|titan_rtx_1|titan_rtx_32,arch2vec,4,pixel3,256,10,adj_gin_arch2vec,ensemble,3,cosine,128_128,128_128_128,128_128_128,add,128_128,0.001,1e-05,150,40,cuda:0,False,True,0.7688923397921931,0.5845099659731755,0.05362092339455891,0.05239736527446848
153815116,study_6_6_1,42,fbnet,1080ti_64|2080ti_1|eyeriss|gold_6226|gold_6240|raspi4|samsung_s7|silver_4210r|titan_rtx_1|titan_rtx_32,arch2vec,4,pixel3,256,15,adj_gin_arch2vec,ensemble,3,cosine,128_128,128_128_128,128_128_128,add,128_128,0.001,1e-05,150,40,cuda:0,False,True,0.7661236466738645,0.5864758425853122,0.03466582447909066,0.03329176709857187
153815116,study_6_6_1,42,fbnet,1080ti_64|2080ti_1|eyeriss|gold_6226|gold_6240|raspi4|samsung_s7|silver_4210r|titan_rtx_1|titan_rtx_32,arch2vec,4,pixel3,256,20,adj_gin_arch2vec,ensemble,3,cosine,128_128,128_128_128,128_128_128,add,128_128,0.001,1e-05,150,40,cuda:0,False,True,0.7971175351418375,0.6274906094075918,0.040135461972927645,0.04246590867684632
153815116,study_6_6_1,42,fbnet,1080ti_64|2080ti_1|eyeriss|gold_6226|gold_6240|raspi4|samsung_s7|silver_4210r|titan_rtx_1|titan_rtx_32,arch2vec,4,pixel3,256,30,adj_gin_arch2vec,ensemble,3,cosine,128_128,128_128_128,128_128_128,add,128_128,0.001,1e-05,150,40,cuda:0,False,True,0.7846319613260261,0.6125858403290914,0.04611095390929649,0.04802257091643864
608082645,study_6_6_1,42,fbnet,1080ti_64|2080ti_1|eyeriss|gold_6226|gold_6240|raspi4|samsung_s7|silver_4210r|titan_rtx_1|titan_rtx_32,cate,4,pixel3,256,5,adj_gin_cate,ensemble,3,cosine,128_128,128_128_128,128_128_128,add,128_128,0.001,1e-05,150,40,cuda:0,False,True,0.43879887201610934,0.31913994315556565,0.192807291930314,0.1491818768325506
608082645,study_6_6_1,42,fbnet,1080ti_64|2080ti_1|eyeriss|gold_6226|gold_6240|raspi4|samsung_s7|silver_4210r|titan_rtx_1|titan_rtx_32,cate,4,pixel3,256,10,adj_gin_cate,ensemble,3,cosine,128_128,128_128_128,128_128_128,add,128_128,0.001,1e-05,150,40,cuda:0,False,True,0.47860145852068353,0.3497930391708686,0.18347949318363976,0.1354068731429715
608082645,study_6_6_1,42,fbnet,1080ti_64|2080ti_1|eyeriss|gold_6226|gold_6240|raspi4|samsung_s7|silver_4210r|titan_rtx_1|titan_rtx_32,cate,4,pixel3,256,15,adj_gin_cate,ensemble,3,cosine,128_128,128_128_128,128_128_128,add,128_128,0.001,1e-05,150,40,cuda:0,False,True,0.6662532092644152,0.5072405693645211,0.13020243352446018,0.10568476840088199
608082645,study_6_6_1,42,fbnet,1080ti_64|2080ti_1|eyeriss|gold_6226|gold_6240|raspi4|samsung_s7|silver_4210r|titan_rtx_1|titan_rtx_32,cate,4,pixel3,256,20,adj_gin_cate,ensemble,3,cosine,128_128,128_128_128,128_128_128,add,128_128,0.001,1e-05,150,40,cuda:0,False,True,0.7497076741915435,0.569231962877227,0.03652723480320564,0.03526531604959845
608082645,study_6_6_1,42,fbnet,1080ti_64|2080ti_1|eyeriss|gold_6226|gold_6240|raspi4|samsung_s7|silver_4210r|titan_rtx_1|titan_rtx_32,cate,4,pixel3,256,30,adj_gin_cate,ensemble,3,cosine,128_128,128_128_128,128_128_128,add,128_128,0.001,1e-05,150,40,cuda:0,False,True,0.7250314313264036,0.5500029402959584,0.052386975121069074,0.05143486138008693
674585778,study_6_6_1,42,fbnet,essential_ph_1|gold_6226|gold_6240|pixel3|raspi4,cate,2,silver_4114,256,5,adj_gin_cate,ensemble,3,cosine,128_128,128_128_128,128_128_128,add,128_128,0.001,1e-05,150,40,cuda:0,False,True,0.7062350263993163,0.538800032808399,0.09267041846280039,0.07960160393666642
674585778,study_6_6_1,42,fbnet,essential_ph_1|gold_6226|gold_6240|pixel3|raspi4,cate,2,silver_4114,256,10,adj_gin_cate,ensemble,3,cosine,128_128,128_128_128,128_128_128,add,128_128,0.001,1e-05,150,40,cuda:0,False,True,0.7490513222547762,0.5733103674540683,0.056025247708046025,0.05256617848881939
674585778,study_6_6_1,42,fbnet,essential_ph_1|gold_6226|gold_6240|pixel3|raspi4,cate,2,silver_4114,256,15,adj_gin_cate,ensemble,3,cosine,128_128,128_128_128,128_128_128,add,128_128,0.001,1e-05,150,40,cuda:0,False,True,0.7922280336324239,0.6158997703412075,0.0606909419041473,0.05439547904369237
674585778,study_6_6_1,42,fbnet,essential_ph_1|gold_6226|gold_6240|pixel3|raspi4,cate,2,silver_4114,256,20,adj_gin_cate,ensemble,3,cosine,128_128,128_128_128,128_128_128,add,128_128,0.001,1e-05,150,40,cuda:0,False,True,0.8133320362570957,0.6384514435695539,0.049781250932333876,0.048860403925793515
674585778,study_6_6_1,42,fbnet,essential_ph_1|gold_6226|gold_6240|pixel3|raspi4,cate,2,silver_4114,256,30,adj_gin_cate,ensemble,3,cosine,128_128,128_128_128,128_128_128,add,128_128,0.001,1e-05,150,40,cuda:0,False,True,0.8285439746993836,0.6517101377952756,0.017425894040921923,0.02063671294777915
377895080,study_6_6_1,42,fbnet,1080ti_64|2080ti_1|eyeriss|gold_6226|gold_6240|raspi4|samsung_s7|silver_4210r|titan_rtx_1|titan_rtx_32,random,4,titanx_32,256,5,adj_gin,ensemble,3,cosine,128_128,128_128_128,128_128_128,add,128_128,0.001,1e-05,150,40,cuda:0,False,True,0.470372854356733,0.34929752182932833,0.18439505508185838,0.14422114921030063
377895080,study_6_6_1,42,fbnet,1080ti_64|2080ti_1|eyeriss|gold_6226|gold_6240|raspi4|samsung_s7|silver_4210r|titan_rtx_1|titan_rtx_32,random,4,titanx_32,256,10,adj_gin,ensemble,3,cosine,128_128,128_128_128,128_128_128,add,128_128,0.001,1e-05,150,40,cuda:0,False,True,0.5486509302618147,0.3990790119045893,0.07812224130010907,0.06216854305706407
377895080,study_6_6_1,42,fbnet,1080ti_64|2080ti_1|eyeriss|gold_6226|gold_6240|raspi4|samsung_s7|silver_4210r|titan_rtx_1|titan_rtx_32,random,4,titanx_32,256,15,adj_gin,ensemble,3,cosine,128_128,128_128_128,128_128_128,add,128_128,0.001,1e-05,150,40,cuda:0,False,True,0.6654113580524088,0.5003609416032447,0.07599175656318506,0.06517296563046819
377895080,study_6_6_1,42,fbnet,1080ti_64|2080ti_1|eyeriss|gold_6226|gold_6240|raspi4|samsung_s7|silver_4210r|titan_rtx_1|titan_rtx_32,random,4,titanx_32,256,20,adj_gin,ensemble,3,cosine,128_128,128_128_128,128_128_128,add,128_128,0.001,1e-05,150,40,cuda:0,False,True,0.7504361006615271,0.5772988879470011,0.0776974565357522,0.07118097087641125
377895080,study_6_6_1,42,fbnet,1080ti_64|2080ti_1|eyeriss|gold_6226|gold_6240|raspi4|samsung_s7|silver_4210r|titan_rtx_1|titan_rtx_32,random,4,titanx_32,256,30,adj_gin,ensemble,3,cosine,128_128,128_128_128,128_128_128,add,128_128,0.001,1e-05,150,40,cuda:0,False,True,0.7202557967415751,0.5518370811946527,0.05286245420241187,0.04849666778978002
544748834,study_6_6_1,42,fbnet,1080ti_64|2080ti_1|eyeriss|gold_6226|gold_6240|raspi4|samsung_s7|silver_4210r|titan_rtx_1|titan_rtx_32,random,4,titanx_32,256,5,adj_gin,ensemble,3,cosine,128_128,128_128_128,128_128_128,add,128_128,0.001,1e-05,150,40,cuda:0,True,True,0.5543529661077757,0.41720826366051494,0.20979012853647774,0.16640977454825745
544748834,study_6_6_1,42,fbnet,1080ti_64|2080ti_1|eyeriss|gold_6226|gold_6240|raspi4|samsung_s7|silver_4210r|titan_rtx_1|titan_rtx_32,random,4,titanx_32,256,10,adj_gin,ensemble,3,cosine,128_128,128_128_128,128_128_128,add,128_128,0.001,1e-05,150,40,cuda:0,True,True,0.5021093206466954,0.3749190340086022,0.141666881425599,0.11319227871227311
544748834,study_6_6_1,42,fbnet,1080ti_64|2080ti_1|eyeriss|gold_6226|gold_6240|raspi4|samsung_s7|silver_4210r|titan_rtx_1|titan_rtx_32,random,4,titanx_32,256,15,adj_gin,ensemble,3,cosine,128_128,128_128_128,128_128_128,add,128_128,0.001,1e-05,150,40,cuda:0,True,True,0.6940299607264526,0.5295575333559986,0.1114645300897968,0.093183375141269
544748834,study_6_6_1,42,fbnet,1080ti_64|2080ti_1|eyeriss|gold_6226|gold_6240|raspi4|samsung_s7|silver_4210r|titan_rtx_1|titan_rtx_32,random,4,titanx_32,256,20,adj_gin,ensemble,3,cosine,128_128,128_128_128,128_128_128,add,128_128,0.001,1e-05,150,40,cuda:0,True,True,0.7921718616704242,0.6153900708503728,0.037471490279919424,0.03859576812266675
544748834,study_6_6_1,42,fbnet,1080ti_64|2080ti_1|eyeriss|gold_6226|gold_6240|raspi4|samsung_s7|silver_4210r|titan_rtx_1|titan_rtx_32,random,4,titanx_32,256,30,adj_gin,ensemble,3,cosine,128_128,128_128_128,128_128_128,add,128_128,0.001,1e-05,150,40,cuda:0,True,True,0.7306780811964421,0.5582585065484148,0.06240874644362696,0.05710464629282674
79661615,study_6_6_1,42,fbnet,1080ti_64|2080ti_1|eyeriss|gold_6226|gold_6240|raspi4|samsung_s7|silver_4210r|titan_rtx_1|titan_rtx_32,random,4,1080ti_32,256,5,adj_gin,ensemble,3,cosine,128_128,128_128_128,128_128_128,add,128_128,0.001,1e-05,150,40,cuda:0,True,False,0.5530194476130964,0.4160300831087145,0.1533415055510597,0.12228933209794736
79661615,study_6_6_1,42,fbnet,1080ti_64|2080ti_1|eyeriss|gold_6226|gold_6240|raspi4|samsung_s7|silver_4210r|titan_rtx_1|titan_rtx_32,random,4,1080ti_32,256,10,adj_gin,ensemble,3,cosine,128_128,128_128_128,128_128_128,add,128_128,0.001,1e-05,150,40,cuda:0,True,False,0.5660379956163438,0.4181842981646484,0.12653176118253018,0.10316357797961628
79661615,study_6_6_1,42,fbnet,1080ti_64|2080ti_1|eyeriss|gold_6226|gold_6240|raspi4|samsung_s7|silver_4210r|titan_rtx_1|titan_rtx_32,random,4,1080ti_32,256,15,adj_gin,ensemble,3,cosine,128_128,128_128_128,128_128_128,add,128_128,0.001,1e-05,150,40,cuda:0,True,False,0.7145010069053578,0.5451452250918686,0.07605871341120192,0.06131665038589909
79661615,study_6_6_1,42,fbnet,1080ti_64|2080ti_1|eyeriss|gold_6226|gold_6240|raspi4|samsung_s7|silver_4210r|titan_rtx_1|titan_rtx_32,random,4,1080ti_32,256,20,adj_gin,ensemble,3,cosine,128_128,128_128_128,128_128_128,add,128_128,0.001,1e-05,150,40,cuda:0,True,False,0.7953925783956963,0.6151910645289186,0.043143627408836545,0.044863617785835114
79661615,study_6_6_1,42,fbnet,1080ti_64|2080ti_1|eyeriss|gold_6226|gold_6240|raspi4|samsung_s7|silver_4210r|titan_rtx_1|titan_rtx_32,random,4,1080ti_32,256,30,adj_gin,ensemble,3,cosine,128_128,128_128_128,128_128_128,add,128_128,0.001,1e-05,150,40,cuda:0,True,False,0.7082350608118141,0.5398278120082262,0.061936860050277376,0.05850718734508944
705818425,study_6_6_1,42,fbnet,1080ti_64|2080ti_1|eyeriss|gold_6226|gold_6240|raspi4|samsung_s7|silver_4210r|titan_rtx_1|titan_rtx_32,arch2vec,4,titanx_32,256,5,adj_gin,ensemble,3,cosine,128_128,128_128_128,128_128_128,add,128_128,0.001,1e-05,150,40,cuda:0,False,True,0.46847678734801484,0.3425765106703224,0.11836298314290165,0.09338169362114256
705818425,study_6_6_1,42,fbnet,1080ti_64|2080ti_1|eyeriss|gold_6226|gold_6240|raspi4|samsung_s7|silver_4210r|titan_rtx_1|titan_rtx_32,arch2vec,4,titanx_32,256,10,adj_gin,ensemble,3,cosine,128_128,128_128_128,128_128_128,add,128_128,0.001,1e-05,150,40,cuda:0,False,True,0.5560095062244814,0.41819603389832793,0.1135726826574663,0.09205107903281655
705818425,study_6_6_1,42,fbnet,1080ti_64|2080ti_1|eyeriss|gold_6226|gold_6240|raspi4|samsung_s7|silver_4210r|titan_rtx_1|titan_rtx_32,arch2vec,4,titanx_32,256,15,adj_gin,ensemble,3,cosine,128_128,128_128_128,128_128_128,add,128_128,0.001,1e-05,150,40,cuda:0,False,True,0.6568643706918674,0.4905127244189624,0.11062916908369054,0.08833235291886814
705818425,study_6_6_1,42,fbnet,1080ti_64|2080ti_1|eyeriss|gold_6226|gold_6240|raspi4|samsung_s7|silver_4210r|titan_rtx_1|titan_rtx_32,arch2vec,4,titanx_32,256,20,adj_gin,ensemble,3,cosine,128_128,128_128_128,128_128_128,add,128_128,0.001,1e-05,150,40,cuda:0,False,True,0.7015060163370032,0.5371028044883904,0.07239573207783724,0.06160262656343188
705818425,study_6_6_1,42,fbnet,1080ti_64|2080ti_1|eyeriss|gold_6226|gold_6240|raspi4|samsung_s7|silver_4210r|titan_rtx_1|titan_rtx_32,arch2vec,4,titanx_32,256,30,adj_gin,ensemble,3,cosine,128_128,128_128_128,128_128_128,add,128_128,0.001,1e-05,150,40,cuda:0,False,True,0.745126295180366,0.5732126932679987,0.06273215419324739,0.053960630641749864
603068400,study_6_6_1,42,fbnet,essential_ph_1|pixel2|pixel3|raspi4|samsung_s7,random,3,eyeriss,256,5,adj_gin,ensemble,3,cosine,128_128,128_128_128,128_128_128,add,128_128,0.001,1e-05,150,40,cuda:0,False,True,0.6855377906976744,0.5196071194225722,0.13191029365318013,0.12059887332356764
603068400,study_6_6_1,42,fbnet,essential_ph_1|pixel2|pixel3|raspi4|samsung_s7,random,3,eyeriss,256,10,adj_gin,ensemble,3,cosine,128_128,128_128_128,128_128_128,add,128_128,0.001,1e-05,150,40,cuda:0,False,True,0.8223607359763168,0.6401656824146983,0.038389526604119116,0.0397824934198615
603068400,study_6_6_1,42,fbnet,essential_ph_1|pixel2|pixel3|raspi4|samsung_s7,random,3,eyeriss,256,15,adj_gin,ensemble,3,cosine,128_128,128_128_128,128_128_128,add,128_128,0.001,1e-05,150,40,cuda:0,False,True,0.8281553286943784,0.6538221784776903,0.04665320420478463,0.043344887819036976
603068400,study_6_6_1,42,fbnet,essential_ph_1|pixel2|pixel3|raspi4|samsung_s7,random,3,eyeriss,256,20,adj_gin,ensemble,3,cosine,128_128,128_128_128,128_128_128,add,128_128,0.001,1e-05,150,40,cuda:0,False,True,0.8435563922968929,0.6707472112860893,0.02395018844058704,0.025671882100359332
603068400,study_6_6_1,42,fbnet,essential_ph_1|pixel2|pixel3|raspi4|samsung_s7,random,3,eyeriss,256,30,adj_gin,ensemble,3,cosine,128_128,128_128_128,128_128_128,add,128_128,0.001,1e-05,150,40,cuda:0,False,True,0.8625968038515535,0.6830626640419948,0.01305238507460417,0.018158862933074053
